name,subtitle,description,cost,artwork,persuasion,source,artwork_url,type
Blouse blanche,√áa doit √™tre quelqu'un de s√©rieux,"Un morceau de tissu et une cravate, c‚Äôest tout ce qu‚Äôil te faut pour te donner un air cr√©dible. Enfile donc cette blouse, habille ton enseigne d'une plaque dor√©e √† ton nom et oublie les ""rendez-vous"" : toi, tu donnes des Consultations. N'importe qui peut le faire, mais cela donne tout de suite l'illusion du s√©rieux, JPP n'y verra que du feu !",3,blouse.jpg,0.3,effet de halo (Thorndike 1920 empirique confirm√© par Asch 1946),https://cdn.pixabay.com/photo/2021/07/27/17/42/stethoscope-6497490_960_720.jpg,arg
Produit d√©riv√© ,Mon code promo est dans la bio,"INCROYABLE co√Øncidence : la pathologie que tu diagnostiques chez tes patients peut justement √™tre gu√©rie avec les compl√©ments que tu vends sur ta boutique en ligne. Le monde est bien fait. Ils peuvent m√™me ajouter un mug ou un t-shirt √† l'effigie de ta m√©thode. L'image de marque, c'est important.
Pr√©pare tout de m√™me le terrain avec du contenu de ""vulgarisation scientifique"" quotidien 100% gratuit. JPP aura l'impression que tu lui apprends des choses de fa√ßon d√©sint√©ress√©e avant de lui proposer ta solution miracle en toute objectivit√©.
",2,produit.jpg,0.2,"Biais de confirmation ? Mim√©tisme social ? (Bcp de ressouces en psychologie sociale, du tri √† faire avec th√©ories psychanalytiques etc, voir Roberte Hamayon anthropologue, mim√©tisme et chamanisme)",https://cdn.pixabay.com/photo/2016/11/18/12/08/white-male-1834125_960_720.jpg,arg
M√©thode Jean-Claude‚Ñ¢,Source : ma vie,"Un peu d‚Äô√©go ne fait pas de mal‚Ä¶ ! Tu puises au coeur de ton exp√©rience de vie pour cr√©er la th√©rapie qui peut porter ton nom‚Ä¶ Quelle chance de poss√©der ce don d‚Äôaider les autres. Tu n‚Äôas m√™me pas besoin d‚Äôavoir des connaissances, la solution est venue √† toi. Certainement que beaucoup de personnes t‚Äôenvient ! ",2,jc.jpg,0.2,Preuve anecdotique (infographie david Mccandless et al 2012),https://upload.wikimedia.org/wikipedia/commons/3/32/Van_Damme%2C_Jean_Claude_%28USAF%29.jpg,arg
Nuit des temps,Il √©tait une fois... [OU] saign√©e pour tous [OU] La tradition a du bon,"Fais l‚Äô√©loge de l‚Äôanciennet√© de ta th√©rapie, JPP sera certainement convaincu.  Dans la plupart des cultures, l‚Äôanciennet√© √©voque une sagesse ancestrale. Comment ne pas √™tre convaincu par ce savoir ?  Le vieux sage ou le savant ancien l‚Äôemportera face aux nouveaux scientifiques. 
[MIX TRAD]
Vante l'anciennet√© de ta technique pour √©voquer une forme de sagesse ancestrale qui la cr√©dibilisera. Jouer sur la nostalgie d'un pass√© fantasm√©, c'est habile`‚Ä¶ et parfois suffisant pour faire oublier que les connaissances en sant√© n'ont fait que cro√Ætre avec les si√®cles : les approches modernes ont justement pu tirer des le√ßons du pass√© pour affiner leur efficacit√©. Mais bon, les traditions des vieux sages feront toujours plus r√™ver. ",2,nuit.jpg,0.2,appel √† la tradition (https://cortecs.org/language-argumentation/argument-dhistoricite/)=argumentum ad antiquitatem,https://cdn.pixabay.com/photo/2022/05/10/20/52/calligraphy-7188024_1280.jpg,arg
Tradition,On a toujours fait comme √ßa,"Parce que cette th√©rapie est ancienne c‚Äôest forc√©ment bon, juste et vrai. Si √ßa ne marchait pas, √ßa aurait disparu depuis longtemps. 
Respectons ces traditions qui se transmettent de g√©n√©ration en g√©n√©ration. C‚Äôest ainsi que √ßa a toujours √©t√©. ",2,tradition.jpg,0.2,appel √† la tradition,https://cdn.pixabay.com/photo/2017/08/28/20/24/statue-2691173_960_720.jpg,arg
Exotisme,Rdv en terre inconnue,"JPP vient pour sa sant√©, offre-lui un voyage ! Une technique ancestrale qui vient d'Ailleurs et qui arrive chez nous avec ses pr√©ceptes incroyables. Il para√Æt m√™me que c'est uniquement comme √ßa qu'ils se soignent l√†-bas. 
Apr√®s tout, √† notre √©poque, nous avons tous les m√™mes smartphones, voitures et sneakers, mais leur m√©decine doit certainement faire exception √† la r√®gle... √Ä moins que ?
",4,exotisme.jpg,0.4,"appel √† l'exotisme (difficile de trouver une ressource, mais pq est ce que c'est dangereux : br√®ches dans 
l‚Äôargumentaire √©pist√©mologique anti-colonialiste,Oubr√© Alondra, Plants, property, and people, should indigenous peoples be compensated for 
their medicinal plant knowledge?, Skeptic, Vol4. No.2, 1996 p. 75-76. ) ",https://cdn.pixabay.com/photo/2017/05/15/22/39/monk-2316340_960_720.jpg,arg
Cocktail,"Et paf, √ßa fait des chocapic","Tu proposes √† JPP quelque chose d'innovant qu'il n'a jamais vu ailleurs. En v√©rit√© tu mixes ensemble une foule de techniques qui n'ont rien √† voir mais qui te plaisent, pour en faire ton propre smoothie th√©rapeutique. Tu pr√©senteras le tout comme coh√©rent car tu unis les diff√©rentes approches. Dans un autre domaine, personne n'y croirait (imagine ""des √©oliennes au charbon nucl√©aire""!!!) mais en l'occurrence JPP  n'y connait rien et il a besoin d'une solution.",2,cocktail.webp,0.2,,https://cdn.pixabay.com/photo/2023/06/20/10/06/cocktail-8076619_960_720.jpg,arg
Origine naturelle,√áa vient de la nature c'est forc√©ment bien?,"Tu fais appel √† la croyance que la nature nous veut fondamentalement du bien, c‚Äôest super efficace !

Ne dis pas √† Jean-Peuplu que l‚Äôamanite tue-mouches, le t√©tanos, une morsure de serpent sont naturels... mais mortels.",2,nature.png,0.2,appel √† la nature,"https://cdn.pixabay.com/photo/2018/11/17/22/15/trees-3822149_960_720.jpg

",arg
Populaire,100 000 personnes convaincues ! Et vous ?,"Tous les patients sont satisfaits, et ils sont nombreux, autant de monde ne peut pas se tromper !

C‚Äôest oublier que les personnes en souffrance ne se tournent pas forc√©ment vers l‚Äôoption la plus efficace, qui peut pr√©senter des inconv√©nients, mais souvent vers la plus agr√©able. Qu'est-ce qui sera le plus populaire : des exercices de r√©√©ducation intensifs ou un massage aux pierres chaudes ? L'opinion g√©n√©rale peut √™tre un mauvais guide. Mais chut... laisse JPP suivre le vote du public !",2,popularite.jpg,0.2,"appel √† la popularit√©, mim√©tisme social, raison de la majorit√© (cortecs)",https://cdn.pixabay.com/photo/2017/07/21/23/57/concert-2527495_960_720.jpg,arg
Wifith√©rapie ,Il a la 5G dans les mains ! ,"JPP n‚Äôen peut plus ! Fais en sorte qu‚Äôil n‚Äôait pas besoin de se d√©placer. Avec cette carte, propose √† JPP une s√©ance de th√©rapie √† distance. Peut-√™tre m√™me qu'en t‚Äôenvoyant une photo de lui par la poste, tu parviendrais/parviendras √† t‚Äôoccuper de lui et √©liminer tous ses soucis. OU 
Gr√¢ce √† cette carte, tu pourrais soigner JPP sans m√™me le toucher! Si n√©cessaire, ce serait √©galement possible √† partir d'une photo, JPP n'aurait m√™me pas besoin de se d√©placer pour b√©n√©ficier de ta th√©rapie.",2,wifi.jpg,0.2,,https://cdn.pixabay.com/photo/2016/05/04/08/56/wifi-1371030_960_720.jpg,car
Au cabinet,C'est la base,"Le cabinet r√©pond aux attentes classiques d‚Äôune s√©ance de th√©rapie. C‚Äôest un endroit qui se veut s√ªr, et neutre. Au cabinet, JPP sera rassur√©, il ne sortira pas des sentiers battus. Juste avec ce contexte, peut √™tre que JPP commencera d√©j√† √† aller mieux. ",2,cabinet.jpg,0.2,,https://cdn.pixabay.com/photo/2020/11/03/15/31/doctor-5710152_960_720.jpg,car
Influenceur,"Damn la team, cette health routine a chang√© ma vie !","Waouh, un youtubeur s'est pr√™t√© √† ton analyse posturokinergique et raconte en story comment cette exp√©rience a chang√© sa vie ! √Ä travers cette collab' pas du tout commerciale, tu t'assures un flux de nouveaux patients ! C'est plus pratique de faire valider ta th√©rapie par ceux dont le business model repose sur la publicit√© plut√¥t que par des instances scientifiques pompeuses et rigoureuses... et c'est surtout plus convaincant pour le public qui va calquer sur toi toute la confiance qu'il accorde √† son influenceur pr√©f√©r√©.",2,influenceur.jpg,0.2,"Leurs pratiques num√©riques (influenceurs,ses) sont intimement li√©es √† la demande de reconnaissance d‚Äôautrui et aux attentes normatives produites par la soci√©t√© (Honneth, 2000) Mim√©tisme social ? ",https://images.pexels.com/photos/6954220/pexels-photo-6954220.jpeg,arg
S√©minaire,Coup√© du monde pour mieux gu√©rir,"Propose un s√©jour en immersion √† JPP. Il passera quelques jours √† tes c√¥t√©s, il respirera ta th√©rapie du matin au soir. En plus, il c√¥toiera des gens avec une m√™me exp√©rience. Presque un air de vacances‚Ä¶ initiatique/ calme/ bien-√™tre",2,stages.webp,0.2,,https://images.pexels.com/photos/3758063/pexels-photo-3758063.jpeg,car
Prendre l'air,Promenons-nous dans les bois,Et si tu offrais une th√©rapie 100% Nature √† JPP ? Une th√©rapie dans laquelle la nature aurait un pouvoir de gu√©rison et qui affirmerait que les agressions du monde moderne nous d√©connectent de notre v√©ritable essence ? Alors sors dans la for√™t ! Va dehors ! Pars √† l‚Äôaventure ! Peut-√™tre que JPP y trouvera la solution‚Ä¶,2,prendrelair.jpeg,0.2,,https://images.pexels.com/photos/142497/pexels-photo-142497.jpeg,car
E.T.S.T.,Enroulement tissulaire spiral√© transversal,"Tu ne savais pas que √ßa existait... Eh bien nous non plus ! L'astuce est l√† : tu traites une structure, un organe, une fonction, que tu es la seule personne √† pouvoir identifier. On n'a pas d'autre choix que te faire confiance ! C'est la meilleure mani√®re de ne pas √™tre remis en question.",2,entite.jpg,0.2,Technique issue de la biokinergie https://www.ordremk.fr/wp-content/uploads/2023/01/tableau_techniques_illusoires_a4-20230105.pdf,https://cdn.pixabay.com/photo/2016/03/14/13/06/friends-1255442_960_720.jpg,arg
S√©r√©nit√©,Trouve la paix int√©rieure,"Tu penses que pour gu√©rir, JPP doit faire la paix avec lui-m√™me, retrouver une s√©r√©nit√© suppos√©ment perdue. Ce sera sa qu√™te, il suivra un chemin obscur o√π tu seras sa lumi√®re. Ton r√¥le est de lui ouvrir la voie et r√©concilier son corps et son esprit.",2,s√©r√©nit√©.jpg,0.2,,https://cdn.pixabay.com/photo/2014/10/09/13/03/woman-481769_960_720.jpg,car
Qu√™te de sens,Rien n'arrive sans raison," ¬´ Pourquoi moi ? ¬ª ¬´ Qu‚Äôai-je fait pour m√©riter √ßa ? ¬ª 
Propose √† JPP cette qu√™te de sens. Refuse les ¬´ c‚Äôest comme √ßa‚Ä¶ ¬ª, ou le ¬´ c‚Äôest pas de chance ! ¬ª. Un mal de dos ne s‚Äôattraperait pas au hasard. Les maux ont s√ªrement des causes cach√©es dans notre enfance ou la vie de nos anc√™tres. Si JPP comprend pourquoi √ßa ne va pas, peut-√™tre qu‚Äôil parviendra √† aller mieux. 
",2,qu√™tedesens.jpeg,0.2,,https://images.pexels.com/photos/12347774/pexels-photo-12347774.jpeg,car
Energies,Une histoire de chakras,"Les √©nergies, ouvrir ses chakras, faire circuler les flux... Penses-tu que le monde soit rempli d'ondes positives et n√©gatives qui nous traverseraient et nous affecteraient ? Est-ce que travailler sur l'invisible ouvrirait une nouvelle porte √† JPP ? ",2,chakra.jpg,0.2,,https://upload.wikimedia.org/wikipedia/commons/3/34/Cosplayer_of_Naruto_Uzumaki_at_CWT30_20120129.jpg,arg
Couteau suisse,Tr√®s globalement holistique,"La fameuse ""approche globale"" ! Avec √ßa, pas besoin de ma√Ætriser les sp√©cificit√©s de chaque fonction du corps humain car tu peux pr√©tendre que ""le corps est un tout"". Et ta th√©rapie est tellement puissante et efficace qu'une seule technique suffit pour parvenir √† traiter tous les soucis : un vrai couteau suisse.",2,couteau.jpg,0.2,,https://cdn.pixabay.com/photo/2011/04/13/09/17/pocket-knife-6551_1280.jpg,arg
Tactile,"Je replace le bassin dans 3, 2, 1...","Pour vous, soigner JPP passera par le toucher. Vous croyez fermement qu'il existe des blocages articulaires, des n≈ìuds musculaires, des structures √† r√©ajuster dans le corps. Vous pensez que vos mains ont le pouvoir d'agir dessus avec suffisamment de force pour avoir un effet, m√™me si vous n'en avez pas la preuve.",2,tactile.jpg,0.05,https://pubmed.ncbi.nlm.nih.gov/29034802/,https://cdn.pixabay.com/photo/2017/09/06/20/35/woman-2722936_960_720.jpg,car
Ressenti, Tu sens ce n≈ìud dans ta vie ant√©rieure ?,"Ta conscience int√©rieure est grande, tu as ce pouvoir de ressentir les choses. Et tu lui fais confiance. C‚Äôest lui qui te guide dans ton quotidien. Tes patients ont de la chance, tu as mis ce pouvoir √† leur service. Fais-en bon usage ! ",2,ressenti.jpeg,0.2,effet id√©omoteur,https://images.pexels.com/photos/6806457/pexels-photo-6806457.jpeg,arg
Directif,√âcoute-moi et tout ira bien,"Toi, tu sais comment parler √† JPP. Prodigue lui quelques astuces sur un ton persuasif pour am√©liorer son quotidien. Tu connais LA recette de la gu√©rison, JPP n'a qu'√† la suivre pour aller mieux.",2,directif.jpg,0.2,"mod√®le BPS, ETP, entretien motivationnel, (attention de validit√© de preuve de l'√©tude + motvational interviewing non valable pour tous les patients, ex : suivi ob√©sit√©. Effectiveness of Motivational Interviewing in Managing Overweight and Obesity
A Systematic Review and Meta-analysis ). Voir efficacit√© pour fumeur + temps de communication accord√© en m√©decine conv/TAC ",https://upload.wikimedia.org/wikipedia/commons/thumb/5/59/Drill_instructor_at_the_Officer_Candidate_School.jpg/1280px-Drill_instructor_at_the_Officer_Candidate_School.jpg,arg
High tech,√âlectro 3000 √† la rescousse,"Ton cabinet est √† la pointe ! Tu te procures toujours les meilleurs √©quipements pour tes patients : tu disposes d'un diffuseur d'ondes √©lectrogazomagn√©tiques, et du Theramove 360 dernier cri. Les douleurs de JPP n'ont qu'√† bien se tenir !",2,tech.jpg,0.2,,https://img.freepik.com/photos-gratuite/jeune-femme-allongee-table-du-cosmetologue-au-cours-procedure-rajeunissement_343596-136.jpg,car
Allongez-vous,"Relax, je m'occupe de tout","C'est toi qui as la capacit√© de soigner JPP. Il doit te faire confiance pour optimiser ses chances de r√©cup√©rer. C'est tellement plus simple pour JPP de se laisser aller, tu n'as qu'√† le conforter dans cette attitude.",2,allongez.jpg,0.2,,https://cdn.pixabay.com/photo/2013/03/13/13/56/king-william-iii-93199_960_720.jpg,arg
Contr√¥le technique,Rdv dans 3 mois pour le check-up,"JPP ne le sait pas encore, mais il s'engage dans une loooongue relation avec toi : s'il ne va pas bien, il devra venir te voir pour r√©soudre ses soucis et s'il se sent bien... qu'il vienne quand m√™me, tu ""pr√©viendras leur apparition"" ! Et gare √† lui s'il manque un contr√¥le trimestriel : dis-lui d'un air dramatique que son corps pourrait se ""d√©s√©quilibrer"" !",2,contr√¥letechnique.jpeg,0.2,,https://images.pexels.com/photos/4473400/pexels-photo-4473400.jpeg,arg
Inexplicitus ,Motus latinus sonnus intelligum,"Tu as maintenant acc√®s au langage pr√©cis et compliqu√© des sciences et de la sant√©. Un petit mot qu‚Äôon ne conna√Æt pas, et √ßa passe tout seul ! En g√©n√©ral, personne ne te demande d‚Äôexplications et √ßa te donne l'air bien plus s√©rieux que les autres ! JPP sera impressionn√© √† coup s√ªr.       ",2,inexplicitus.jpeg,0.2,Argument d'autorit√© ? infographie david Mccandless et al 2012,https://images.pexels.com/photos/5905529/pexels-photo-5905529.jpeg,arg
Un ami m'a dit üëç,Ma PUB c'est les autres,"Quand JPP va voir ses amis, il y en a toujours un qui conna√Æt quelqu‚Äôun, qui conna√Æt quelqu‚Äôun, qui a la m√™me pathologie que lui. Cette personne a test√© ta th√©rapie et va beaucoup mieux. C‚Äôest un tr√®s bon argument pour que JPP vienne te rendre visite. De toute fa√ßon, si √ßa ne marche pas pour lui il ne racontera certainement pas cette histoire‚Ä¶ mais chut !! C‚Äôest notre secret, √ßa reste entre nous. ",2,ami.jpg,0.2,biais du survivant,https://cdn.pixabay.com/photo/2018/07/03/13/20/conversation-3513843_1280.jpg,arg
Dipl√¥me,Je suis Hyperdocteur en papouillologie,"Affiche tes dipl√¥mes dans ton bureau, dans la salle d'attente et sur ton site. JPP te fera encore plus confiance ! Ces papiers donnent l'impression que tu sais vraiment de quoi tu parles. La plupart d'entre eux peuvent √™tre obtenus en quelques heures pour quelques centaines d'euros et le contenu de la formation n'a fait l'objet d'aucun contr√¥le... mais il y a des dorures, c'est √ßa qui compte !",2,dipl√¥me.png,0.2,argument d'autorit√©,https://cdn.pixabay.com/photo/2016/05/13/20/02/diploma-1390785_960_720.png,arg
M√©moire s√©lective,"Pile, j'ai raison. Face, j'ai pas tort.","Ton conseil absolu √† JPP : ""Tiens toi droit !"" . S'il n'a pas mal, il oubliera le conseil. Mais si la douleur r√©apparait, JPP s'en rappellera et constatera son incapacit√© √† le suivre correctement (tu as d√©j√† essay√© de te tenir droit toute une journ√©e ?) . Dans tous les cas, tu sortiras gagnant. Quelle tactique ! ",2,m√©moire.png,0.2,tri s√©lectif des donn√©es,https://upload.wikimedia.org/wikipedia/en/a/ae/Dory_%28Finding_Nemo%29.png,arg
Jouer la montre,"Dans 5 jours, √ßa ira mieux...","Le temps est ton alli√© ! √Ä la fin de ton rendez-vous avec JPP, insiste sur le fait que les b√©n√©fices de ton intervention peuvent mettre quelques jours √† appara√Ætre. Tu joues habilement du fait que la plupart des douleurs et maladies gu√©rissent d'elles-m√™mes, avec ou sans traitement ! Et puis comme JPP est au plus mal quand il fait appel √† tes services, statistiquement, il ne pourra qu'aller mieux ensuite !",2,jouerlamontre.jpg,0.2,"corr√©lation vs causalit√©, √©volution spontan√©e, effets non sp√©cifiques",https://cdn.pixabay.com/photo/2018/02/24/20/39/clock-3179167_1280.jpg,arg
Le blizzard,Ta g... c'est magique,"Le tout est de savoir que ta th√©rapie fonctionne. Pourquoi ? Personne ne saurait l‚Äôexpliquer. De toute fa√ßon il y a toujours des choses inexplicables et ta th√©rapie en fait partie. Les gens sont contents, ils trouvent qu'ils vont mieux. Les autres n‚Äôont qu‚Äô√† avoir ton ouverture d‚Äôesprit ! ",2,blizzard.png,0.2,"infographie david Mccandless et al 2012, liste des biais de d√©duction erron√©es : inversion de la charge de la preuve",https://cdn.pixabay.com/photo/2016/11/18/17/36/hands-1835994_1280.png,arg
R√©v√©lation,"Tu es un th√©rapeute, Harry !","Cette carte te permet d'avoir acc√®s √† une r√©v√©lation divine, une entit√© bien sup√©rieure √† l'Humanit√© te donne tous les codes pour une nouvelle th√©rapie. Alors vas-y !
[OU]
Les principes fondamentaux de ta th√©rapie t'ont √©t√© r√©v√©l√©s par une vision, une inspiration (quasi)divine. Si √ßa vient de L√†-Haut, c'est d'autant plus dur √† contester ! En bonus, cette entit√© t'a donn√© une mission : propager le Message. Si c'est pour la bonne cause, quel besoin de se justifier ?",4,r√©v√©lation.jpg,0.4,,https://cdn.pixabay.com/photo/2017/08/04/16/44/face-2580601_1280.jpg,arg
Overbook√©,3 ans d'attente minimum,"Si JPP remarque que ton planning est presque complet, c‚Äôest certainement que tu es comp√©tent et reconnu. Tout le monde vient te voir. JPP aura encore plus envie de te choisir comme th√©rapeute. Sois malicieux et fais en sorte d'avoir peu de disponibilit√©s.",4,overbook√©.jpg,,Effet de raret√©,https://cdn.pixabay.com/photo/2016/03/14/18/22/calendar-1255953_1280.jpg,arg
Recommand√© par,Les autres disent que je g√®re !,"N'h√©site pas √† mentionner √† quel point les m√©decins eux-m√™mes te r√©f√®rent des patients. Tu travailles main dans la main avec de nombreux professionnels tr√®s tr√®s tr√®s dipl√¥m√©s, m√™me s'ils ne t'ont jamais vu pratiquer. Tu profites ainsi de leur l√©gitimit√© sans avoir √† prouver la tienne.",4,recommand√©.jpg,,,https://cdn.pixabay.com/photo/2017/09/01/11/56/finger-2704016_1280.jpg,arg
Bon patient,Y'a le bon et le mauvais patient...,"Le bon patient, il est r√©ceptif. Le mauvais, il a d√ª faire quelque chose de mal. 
Tu le sais bien, ta technique est infaillible. Si JPP ne va pas mieux apr√®s ta visite, c‚Äôest forc√©ment qu‚Äôil a fait quelque chose qui n‚Äôallait pas. Ne te remets jamais en question.",2,bonpatient.jpg,,,https://cdn.pixabay.com/photo/2020/05/21/15/38/pros-5201376_1280.jpg,arg
La grosse moula,Ch‚Ç¨r,Monte le prix : l'effet sera plus grand,,,,,,arg
Big pharma,L'huile essentielle m'a lib√©r√© du syst√®me,"Pas mal, vous d√©signez comme ennemi le syst√®me pharmaceutique dont les d√©boires et l‚Äôavidit√© sont publics et connus de tous. A la place, vous promouvez des produits alternatifs.Tellement alternatifs qu‚Äôils sont produits par les m√™mes entreprises que les m√©dicaments conventionnels, mais sans exigence de prouver leur efficacit√©. Mais personne ne fait attention au logo du fabricant sur la bo√Æte, alors autant en profiter.",2,bigpharma.jpg,0.15,,https://cdn.pixabay.com/photo/2020/02/06/07/55/money-4823268_1280.jpg,arg